-- MySQL dump 10.13  Distrib 8.0.14, for Win64 (x86_64)
--
-- Host: localhost    Database: myshopdb
-- ------------------------------------------------------
-- Server version	8.0.14

/*!40101 SET @OLD_CHARACTER_SET_CLIENT=@@CHARACTER_SET_CLIENT */;
/*!40101 SET @OLD_CHARACTER_SET_RESULTS=@@CHARACTER_SET_RESULTS */;
/*!40101 SET @OLD_COLLATION_CONNECTION=@@COLLATION_CONNECTION */;
 SET NAMES utf8mb4 ;
/*!40103 SET @OLD_TIME_ZONE=@@TIME_ZONE */;
/*!40103 SET TIME_ZONE='+00:00' */;
/*!40014 SET @OLD_UNIQUE_CHECKS=@@UNIQUE_CHECKS, UNIQUE_CHECKS=0 */;
/*!40014 SET @OLD_FOREIGN_KEY_CHECKS=@@FOREIGN_KEY_CHECKS, FOREIGN_KEY_CHECKS=0 */;
/*!40101 SET @OLD_SQL_MODE=@@SQL_MODE, SQL_MODE='NO_AUTO_VALUE_ON_ZERO' */;
/*!40111 SET @OLD_SQL_NOTES=@@SQL_NOTES, SQL_NOTES=0 */;

--
-- Table structure for table `cart`
--

DROP TABLE IF EXISTS `cart`;
/*!40101 SET @saved_cs_client     = @@character_set_client */;
 SET character_set_client = utf8mb4 ;
CREATE TABLE `cart` (
  `id` int(10) unsigned NOT NULL AUTO_INCREMENT,
  `goods_id` int(10) unsigned NOT NULL,
  `goods_count` int(10) unsigned NOT NULL,
  `user_id` int(10) unsigned NOT NULL,
  `status` int(10) unsigned NOT NULL,
  `order_data` datetime DEFAULT NULL,
  PRIMARY KEY (`id`)
) ENGINE=InnoDB AUTO_INCREMENT=182 DEFAULT CHARSET=utf8;
/*!40101 SET character_set_client = @saved_cs_client */;

--
-- Dumping data for table `cart`
--

LOCK TABLES `cart` WRITE;
/*!40000 ALTER TABLE `cart` DISABLE KEYS */;
INSERT INTO `cart` VALUES (7,4,1,6,1,NULL),(9,2,2,6,1,NULL),(10,1,4,6,1,NULL),(11,3,2,6,1,NULL),(25,23,1,1,2,'2019-03-02 01:45:31'),(35,19,1,1,2,'2019-03-02 01:45:31'),(36,12,1,1,2,'2019-03-02 01:45:31'),(41,1,2,1,2,'2019-03-02 01:45:31'),(43,26,1,1,2,'2019-03-02 01:45:31'),(71,25,1,2,2,'2019-03-02 01:33:32'),(72,3,2,2,2,'2019-03-02 01:33:32'),(73,1,1,2,2,'2019-03-02 01:33:32'),(74,2,1,2,2,'2019-03-02 01:33:32'),(75,20,1,2,2,'2019-03-02 01:33:32'),(76,16,1,2,2,'2019-03-02 01:33:32'),(77,26,2,2,2,'2019-03-02 01:33:32'),(78,29,2,2,2,'2019-03-02 01:33:32'),(79,11,1,2,2,'2019-03-02 01:33:32'),(80,21,1,2,2,'2019-03-02 01:33:32'),(82,7,2,2,2,'2019-03-02 01:33:32'),(83,15,1,2,2,'2019-03-02 01:33:32'),(84,21,1,2,2,'2019-03-02 01:33:32'),(85,13,1,2,2,'2019-03-02 01:37:27'),(86,22,2,2,2,'2019-03-02 01:37:27'),(87,3,1,1,2,'2019-03-02 11:21:39'),(88,2,1,1,2,'2019-03-02 11:21:39'),(89,11,1,1,2,'2019-03-02 11:21:39'),(92,2,1,2,1,NULL),(94,3,4,9,1,NULL),(95,4,1,9,1,NULL),(96,6,1,9,1,NULL),(104,5,4,1,2,'2019-03-18 17:20:25'),(108,15,1,1,2,'2019-03-18 17:20:25'),(109,21,1,1,2,'2019-03-18 17:20:25'),(115,10,1,10,2,'2019-03-12 17:07:44'),(116,11,1,10,2,'2019-03-12 17:07:44'),(118,4,10,10,2,'2019-03-12 17:07:44'),(120,9,1,10,2,'2019-03-12 17:07:44'),(121,3,2,10,2,'2019-03-12 17:07:44'),(122,22,3,10,2,'2019-03-12 17:07:44'),(123,30,2,10,2,'2019-03-12 17:07:44'),(124,20,1,10,2,'2019-03-12 17:07:44'),(125,12,1,10,2,'2019-03-12 17:07:44'),(126,14,1,10,2,'2019-03-12 17:07:44'),(127,1,4,10,2,'2019-03-12 17:07:44'),(128,2,1,10,2,'2019-03-12 17:07:44'),(129,24,1,10,2,'2019-03-13 20:15:32'),(130,25,2,10,2,'2019-03-13 20:15:32'),(131,27,4,10,2,'2019-03-13 20:15:32'),(132,3,2,10,2,'2019-03-13 22:49:04'),(133,12,1,10,2,'2019-03-13 22:56:15'),(134,9,1,10,2,'2019-03-13 22:58:28'),(138,12,1,10,2,'2019-03-14 01:10:19'),(139,2,1,10,2,'2019-03-14 10:07:01'),(140,14,4,10,2,'2019-03-14 10:07:01'),(141,3,2,10,1,NULL),(142,6,1,10,1,NULL),(143,22,3,11,2,'2019-03-16 20:05:26'),(144,11,1,11,2,'2019-03-16 20:05:26'),(145,25,1,11,2,'2019-03-16 20:05:26'),(146,27,1,11,2,'2019-03-16 20:05:26'),(147,15,1,11,2,'2019-03-16 20:05:26'),(148,1,1,8,2,'2019-03-18 13:48:05'),(149,3,2,8,2,'2019-03-18 13:48:05'),(150,7,1,12,1,NULL),(151,8,1,12,1,NULL),(152,9,1,12,1,NULL),(153,23,2,12,1,NULL),(154,4,2,12,1,NULL),(155,9,1,1,2,'2019-03-18 17:20:25'),(156,17,1,1,2,'2019-03-18 17:20:25'),(159,1,1,1,2,'2019-03-19 14:20:04'),(160,11,1,1,2,'2019-03-19 14:20:04'),(161,3,1,18,2,'2019-03-19 12:39:33'),(162,17,1,18,2,'2019-03-19 12:39:33'),(163,18,2,18,2,'2019-03-19 12:39:33'),(164,20,1,18,2,'2019-03-19 12:39:33'),(165,21,1,18,2,'2019-03-19 12:39:33'),(166,10,0,18,1,NULL),(168,25,1,1,2,'2019-03-19 14:20:04'),(170,1,1,2,1,NULL),(171,1,3,1,2,'2019-03-19 21:22:38'),(172,4,1,1,2,'2019-03-19 21:22:38'),(173,5,3,1,2,'2019-03-19 21:22:38'),(174,6,1,1,2,'2019-03-19 21:22:38'),(175,20,1,1,2,'2019-03-19 21:22:38'),(176,15,1,1,2,'2019-09-17 10:06:37'),(177,3,1,1,2,'2019-09-17 10:06:37'),(178,17,1,1,2,'2019-09-17 10:06:37'),(179,27,1,1,2,'2019-09-17 10:06:37'),(180,7,1,1,2,'2019-09-17 11:52:03'),(181,8,1,1,2,'2019-09-17 11:52:03');
/*!40000 ALTER TABLE `cart` ENABLE KEYS */;
UNLOCK TABLES;

--
-- Table structure for table `goods`
--

DROP TABLE IF EXISTS `goods`;
/*!40101 SET @saved_cs_client     = @@character_set_client */;
 SET character_set_client = utf8mb4 ;
CREATE TABLE `goods` (
  `id` int(10) unsigned NOT NULL AUTO_INCREMENT,
  `name` varchar(50) DEFAULT 'PRODUCT',
  `cost` int(10) unsigned NOT NULL,
  `weight` int(11) NOT NULL,
  `count` int(10) unsigned DEFAULT '0',
  `vogue` int(10) unsigned DEFAULT '0',
  `category` varchar(50) DEFAULT NULL,
  `description` text,
  `img` varchar(50) DEFAULT NULL,
  `receipt_data` date DEFAULT NULL,
  PRIMARY KEY (`id`)
) ENGINE=InnoDB AUTO_INCREMENT=31 DEFAULT CHARSET=utf8;
/*!40101 SET character_set_client = @saved_cs_client */;

--
-- Dumping data for table `goods`
--

LOCK TABLES `goods` WRITE;
/*!40000 ALTER TABLE `goods` DISABLE KEYS */;
INSERT INTO `goods` VALUES (1,'Картридж Xerox 3225',3500,500,4,6,'расходные материалы','Для лазерного принтера(черный). совместимые модели: Xerox Phaser 3052, Xerox Phaser 3260, Xerox WorkCentre 3215, Xerox WorkCentre 3225. Ресурс: 4100 страниц. В наборе 2шт.','images/goods/xerox3225.jpg','2018-12-20'),(2,'Картридж Xerox 3220',2900,400,1,3,'расходные материалы','Для лазерного принтера(черный). совместимые модели: Xerox WorkCentre 3210, Xerox WorkCentre 3220 . Ресурс: 3000 страниц.','images/goods/xerox3220.jpg','2018-11-24'),(3,'Картридж HP 400',5100,700,2,7,'расходные материалы','Для лазерного принтера(черный). совместимые модели: HP LaserJet Pro 400 M401, HP LaserJet Pro 400 M425 . Ресурс: 2700 страниц.','images/goods/hp80a.jpg','2018-07-13'),(4,'память Kingston',1500,100,10,3,'комплектующие','Тип памяти DDR3. Тактовая частота 1333 МГц. Пропускная способность 10600 МБ/с. Объем 1 модуль 2 ГБ.','images/goods/ram_kingston.jpg','2019-01-24'),(5,'память Silicon',2500,100,6,2,'комплектующие','Тип памяти DDR3. Тактовая частота 1333 МГц. Пропускная способность 10600 МБ/с. Объем 1 модуль 4 ГБ.','images/goods/ram_silicon.jpg','2019-01-24'),(6,'Диск SSD Sumsung',3100,250,3,4,'комплектующие','Тип SSD. Объем 256 ГБ. Скорость записи/Скорость чтения 460/570 МБ/с. Подключение SATA 6Gbit/s. Поддержка секторов размером 4 КБ. Тип флэш-памяти TLC 3D NAND. Назначение для ноутбука и настольного компьютера. Форм-фактор 2.5 дюймов.','images/goods/ssd_sumsung.jpg','2019-02-09'),(7,'Диск SSD ADATA',2900,200,6,2,'комплектующие','Тип SSD. Объем 240 ГБ. Скорость записи/Скорость чтения 450/520 МБ/с. Подключение SATA 6Gbit/s. Поддержка секторов размером 4 КБ. Тип флэш-памяти TLC 3D NAND. Назначение для ноутбука и настольного компьютера. Форм-фактор 2.5 дюймов.','images/goods/ssd_adata.jpg','2019-02-12'),(8,'Диск HDD Seagate',7600,1600,1,7,'комплектующие','Объем 4Тб. Объем кэш-памяти 64Мб. Скорость вращения шпинделя 5900 rpm. Максимальная скорость передачи данных 180 Мбайт/с. Интерфейс SATA III. Пропускная способность интерфейса 6 Гбит/с.','images/goods/hdd_seagate.jpg','2018-12-06'),(9,'Диск HDD WD',7800,1500,1,8,'комплектующие','Объем 3Тб. Объем кэш-памяти 64Мб. Скорость вращения шпинделя 5400 rpm. Максимальная скорость передачи данных 210 Мбайт/с. Интерфейс SATA III. Пропускная способность интерфейса 6 Гбит/с.','images/goods/hdd_western.jpg','2018-11-06'),(10,'Детский комбинезон',2400,700,1,2,'одежда','б/у. Отличное состояние. Состав: 100% полиэстер. Утеплитель: 300 гр. Подкладка: 100% полиэстер, 180 гр. флис. Бренд: Lappi Kids. Цвет синий.','images/goods/overalls.jpg','2018-12-07'),(11,'Валенки детские',700,400,1,3,'одежда','б/у. Отличное состояние. Высшее качество. Полностью экологичные.','images/goods/felt_boots.jpg','2018-12-06'),(12,'Краги детские',800,100,0,6,'одежда','б/у. Отличное состояние. Зимние краги для детей выполнены из ткани Blazer Membrane, подклад хлопок. 3-5 лет (22-8-12). Цвет желтый.','images/goods/mittens.jpg','2018-11-01'),(13,'Сандали детские',250,100,1,2,'одежда','б/у. Отличное состояние. Синие сандалии Jook из натуральной замши. Стелька и подкладка из натуральной кожи. Регулируемые по ширине ножки ремешки велкро. Фактурная полимерная подошва.','images/goods/sandals.jpg','2019-01-29'),(14,'Fairy',390,700,0,7,'бытовая химия','Средство для мытья посуды. Fairy разработали специальную формулу, протестированную с дерматологами, которая не только отлично справится с жиром, но и придаст мягкости Вашим рукам.','images/goods/fairy.jpg','2019-01-04'),(15,'Finnish',1900,1800,3,9,'бытовая химия','Моющее средство для посудомоечной машины Finish. 100 штук. Страна производителя Финляндия.','images/goods/finnish.jpg','2019-01-04'),(16,'Sif',200,600,2,6,'бытовая химия','Чистящее средство-крем. Универсальное средство. Подходит для металлических поверхностей, стеклокерамики, эмалированных поверхностей, кухонных плит, грилей.','images/goods/sif.jpg','2018-01-05'),(17,'Fahrenheit',3750,200,1,7,'косметика','Аромат: Кожаные древесные. Производство: Франция. Для: мужчин. Объем, мл: 150','images/goods/fehrenheit.jpg','2019-02-01'),(18,'Aqva',2600,110,3,4,'косметика','Аромат: кедр из вирджинии, амбра.  Производство: Бельгия. Для: женщин. Объем, мл: 100','images/goods/aqva.jpg','2019-02-07'),(19,'Кроватка детская',17000,17000,1,3,'мебель','б/у. Отличное состояние. Материал дерево. Цвет белый. Для матраса размером 60x120 см. Размеры (ШxДxВ) 72x125x109 см.','images/goods/crib.jpg','2019-01-06'),(20,'Стульчик детский',3600,5600,1,4,'мебель','б/у. Отличное состояние. Polly Progres5 ? это единственный стульчик, который \"растет\" вместе с ребенком с самого рождения до 3 лет.','images/goods/Chair.jpg','2019-01-06'),(21,'Шкаф',5900,25000,1,2,'мебель','б/у. Отличное состояние. Шкаф 3-х дверный с зеркалом.','images/goods/cupboard.jpg','2017-11-23'),(22,'Drops D3',390,100,9,9,'витамины','Суточная доза, 5 капель, содержит 10 микрограмм D 3 -витамина. Основное вещество, входящее в состав - колекальциферол.','images/goods/drop_d3.jpg','2019-01-03'),(23,'Faberlic черника',560,100,3,5,'витамины','Концентрат сухой для приготовления безалкогольного напитка Черника плюс.','images/goods/bads.jpg','2019-01-03'),(24,'Сыр Vallio',560,1900,2,9,'продукты питания','Содержание жира 17%. Производство Финляндия. Срок годности уточняйте.','images/goods/vallio.jpg','2019-02-01'),(25,'Сыр Hermanni',520,1800,3,7,'продукты питания','Производство Финляндия. Срок годности уточняйте. Мягкий сливочный сыр, с характерным насыщенным вкусом. Не содержит лактозы и консервантов.','images/goods/hermany.jpg','2019-02-01'),(26,'Кофе Gevalia',480,950,6,8,'продукты питания','Производство Финляндия. Растворимый кофе. Размер упаковки: 16x6x21(см).Срок годности: 18 месяцев.','images/goods/coffe_gevalia.jpg','2019-02-01'),(27,'Кофе Paulig',570,950,7,7,'продукты питания','Кофе молотый Paulig Presidentti Original. Вид зерен арабика. Обжарка светлая. Помол средний. Срок хранения 24 месяца.','images/goods/coffe_paulig.jpg','2019-02-01'),(28,'Салями Kotimainen',1100,500,3,8,'продукты питания','Portti Kotimainen Meetvursti ? салями в нарезке, вакуумная упаковка. Срок хранения 6 месяца.','images/goods/Kotimainen.jpg','2019-02-11'),(29,'Салями Montorsi',690,250,2,4,'продукты питания','Колбаса Montorsi Салями Эмилиано сыровяленая, 250г. Состав: свинина, соль, декстроза, специи, антиокислитель: аскорбиновая.','images/goods/Montorsi.jpg','2019-02-11'),(30,'Салями Gettiran',720,300,3,5,'продукты питания','Состав: Свинина (ЕС), соль, сахароза, специи (кориандр, черный перец, горчичное семя, белый перец), экстракты специй, декстроза, антиокислитель (Е316)','images/goods/gettiran.jpg','2019-02-11');
/*!40000 ALTER TABLE `goods` ENABLE KEYS */;
UNLOCK TABLES;

--
-- Table structure for table `history`
--

DROP TABLE IF EXISTS `history`;
/*!40101 SET @saved_cs_client     = @@character_set_client */;
 SET character_set_client = utf8mb4 ;
CREATE TABLE `history` (
  `id` int(10) unsigned NOT NULL AUTO_INCREMENT,
  `user_id` int(10) unsigned NOT NULL,
  `goods_id` int(10) unsigned NOT NULL,
  `count` int(11) DEFAULT '0',
  `order_date` date DEFAULT NULL,
  PRIMARY KEY (`id`)
) ENGINE=InnoDB DEFAULT CHARSET=utf8;
/*!40101 SET character_set_client = @saved_cs_client */;

--
-- Dumping data for table `history`
--

LOCK TABLES `history` WRITE;
/*!40000 ALTER TABLE `history` DISABLE KEYS */;
/*!40000 ALTER TABLE `history` ENABLE KEYS */;
UNLOCK TABLES;

--
-- Table structure for table `user`
--

DROP TABLE IF EXISTS `user`;
/*!40101 SET @saved_cs_client     = @@character_set_client */;
 SET character_set_client = utf8mb4 ;
CREATE TABLE `user` (
  `id` int(10) unsigned NOT NULL AUTO_INCREMENT,
  `login` varchar(25) NOT NULL,
  `password` varchar(32) NOT NULL,
  `email` varchar(25) NOT NULL,
  `phone` varchar(25) NOT NULL,
  `name` varchar(50) NOT NULL,
  `addres` varchar(50) NOT NULL DEFAULT 'empty',
  `avatar_type` varchar(5) DEFAULT NULL,
  PRIMARY KEY (`id`)
) ENGINE=InnoDB AUTO_INCREMENT=19 DEFAULT CHARSET=utf8;
/*!40101 SET character_set_client = @saved_cs_client */;

--
-- Dumping data for table `user`
--

LOCK TABLES `user` WRITE;
/*!40000 ALTER TABLE `user` DISABLE KEYS */;
INSERT INTO `user` VALUES (1,'anna','202cb962ac59075b964b07152d234b70','annita@ya.ru','89219247022','Анна Федорова','СПБ Литейный д.34 кв.6','gif'),(2,'roma','202cb962ac59075b964b07152d234b70','roman@ya.ru','89117250013','Роман Евдокимов','СПБ Светлановский пр. д.34 кв.6',NULL),(6,'igor','202cb962ac59075b964b07152d234b70','iror@gmail.com','9765434','Игорь Дроздов','Москва, 3-я ул. Строителей, д.5, кв. 7',NULL),(7,'vita','202cb962ac59075b964b07152d234b70','vite@1234ddr.ru','12343345','Виталий Абрамович Дюрсо','Пикардийский 12',NULL),(8,'dmitry','202cb962ac59075b964b07152d234b70','dmitry@mail.ru','9827865','Дмитрий Донской','СПб, Московский пр. 25',NULL),(9,'kola','202cb962ac59075b964b07152d234b70','niko@mail.ru','2321414','Николай Аверин','Москва, Королева 14',NULL),(10,'sem','bcbe3365e6ac95ea2c0343a2395834dd','soma@gmail.com','1111111','Семен Черепков','Полтавская 46, кв99','gif'),(11,'rerecbrb','d7d6db63ddfa373bedfbfa4cca3c6b02','mari-nik@mail.ru','+79650511815','Маруся','СПБ, ОБВОДНЫЙ КАНАЛ 118',NULL),(16,'ivan','698d51a19d8a121ce581499d7b701668','ivan@ru.ru','222222222','ваня','Ивановский 2',NULL),(17,'ктото','202cb962ac59075b964b07152d234b70','www@ru.ru','2323423423','ктото','Парараоао 78',NULL),(18,'test','698d51a19d8a121ce581499d7b701668','test@test.ru','1234567','test','test','jpg');
/*!40000 ALTER TABLE `user` ENABLE KEYS */;
UNLOCK TABLES;
/*!40103 SET TIME_ZONE=@OLD_TIME_ZONE */;

/*!40101 SET SQL_MODE=@OLD_SQL_MODE */;
/*!40014 SET FOREIGN_KEY_CHECKS=@OLD_FOREIGN_KEY_CHECKS */;
/*!40014 SET UNIQUE_CHECKS=@OLD_UNIQUE_CHECKS */;
/*!40101 SET CHARACTER_SET_CLIENT=@OLD_CHARACTER_SET_CLIENT */;
/*!40101 SET CHARACTER_SET_RESULTS=@OLD_CHARACTER_SET_RESULTS */;
/*!40101 SET COLLATION_CONNECTION=@OLD_COLLATION_CONNECTION */;
/*!40111 SET SQL_NOTES=@OLD_SQL_NOTES */;

-- Dump completed on 2019-09-18 16:40:07
